order,family,scientificName,aphiaID,TG_latest,References
Amphipoda,Brachyscelidae,Brachyscelus crusculum,103241,carnivore,"(Richardson et al., 2006) Hyperiid"
Amphipoda,Cyllopodidae,Cyllopus lucasii,325406,carnivore,"(Richardson et al., 2006) Hyperiid"
Amphipoda,Cyllopodidae,Cyllopus magellanicus,325407,carnivore,"(Richardson et al., 2006) Hyperiid"
Amphipoda,Dairellidae,Dairella californica,421612,carnivore,"(Richardson et al., 2006) Hyperiid"
Amphipoda,Hyperiidae,Hyperia spinigera,103254,carnivore,"(Richardson et al., 2006) Hyperiid"
Amphipoda,Hyperiidae,Hyperiella antarctica,325379,carnivore,"(Richardson et al., 2006) Hyperiid"
Amphipoda,Hyperiidae,Hyperiella dilatata,325383,carnivore,"(Richardson et al., 2006) Hyperiid"
Amphipoda,Hyperiidae,Hyperoche medusarum,103256,carnivore,"(Richardson et al., 2006) Hyperiid"
Amphipoda,Platyscelidae,Hemityphis,236618,carnivore,"(Richardson et al., 2006) Hyperiid"
Amphipoda,Hyperiidae,Hyperia,101796,carnivore,"(Richardson et al., 2006) Hyperiid"
Amphipoda,Hyperiidae,Hyperiella,325378,carnivore,"(Richardson et al., 2006) Hyperiid"
Amphipoda,Hyperiidae,Hyperiella macronyx,325387,carnivore,"(Richardson et al., 2006) Hyperiid"
Amphipoda,Hyperiidae,Hyperoche,101798,carnivore,"(Richardson et al., 2006) Hyperiid"
Amphipoda,Mimonectidae,Mimonectes,101802,carnivore,"(Richardson et al., 2006) Hyperiid"
Amphipoda,NA,Hyperiidea,1205,carnivore,"(Richardson et al., 2006) Hyperiid"
Amphipoda,Gammaridae,Gammaridae,101383,omnivore,Mancinelli (2012;  10.1016/j.ecss.2011.12.003)
Amphipoda,Hyperiidae,Hyperiidae,101417,carnivore,"(Richardson et al., 2006) Hyperiid"
Amphipoda,Gammaridea,Gammaridea,1207,omnivore,Mancinelli (2012;  10.1016/j.ecss.2011.12.003)
Amphipoda,Oxycephalidae,Oxycephalidae,196118,carnivore,"(Richardson et al., 2006) Hyperiid"
Amphipoda,NA,Platysceloidea,155698,carnivore,"(Richardson et al., 2006) Hyperiid"
Amphipoda,Parascelidae,Parascelidae,236598,carnivore,"(Richardson et al., 2006) Hyperiid"
Amphipoda,Scinidae,Scinidae,101424,carnivore,"(Richardson et al., 2006) Hyperiid"
Amphipoda,Phronimidae,Phronima,101804,carnivore,"(Richardson et al., 2006) Hyperiid"
Amphipoda,Hyperiidae,Physosomata,155686,carnivore,"(Richardson et al., 2006) Hyperiid"
Amphipoda,Phrosinidae,Primno,101806,carnivore,"(Richardson et al., 2006) Hyperiid"
Amphipoda,Oxycephalidae,Rhabdosoma,205957,carnivore,"(Richardson et al., 2006) Hyperiid"
Amphipoda,Scinidae,Scina,101810,carnivore,"(Richardson et al., 2006) Hyperiid"
Amphipoda,Hyperiidae,Themisto,101800,carnivore,"(Richardson et al., 2006) Hyperiid"
Amphipoda,Vibiliidae,Vibilia,101812,carnivore,"(Richardson et al., 2006) Hyperiid"
Amphipoda,Paraphronimidae,Paraphronima crassipes,236596,carnivore,"(Richardson et al., 2006) (Pata & Hunt, 2025) Hyperiid"
Amphipoda,Phrosinidae,Phrosina semilunata,103273,carnivore,"(Richardson et al., 2006) Hyperiid"
Amphipoda,Phrosinidae,Primno macropa,180759,carnivore,"(Richardson et al., 2006) Hyperiid"
Amphipoda,Hyperiidae,Themisto australis,325381,carnivore,"(Richardson et al., 2006) Hyperiid"
Amphipoda,Hyperiidae,Themisto gaudichaudii,325384,carnivore,"(Richardson et al., 2006) Hyperiid"
Amphipoda,Vibiliidae,Vibilia antarctica,325408,carnivore,"(Richardson et al., 2006) Hyperiid"
Amphipoda,Vibiliidae,Vibilia armata,236632,carnivore,"(Richardson et al., 2006) Hyperiid"
Aphragmophora,Sagittidae,Aidanosagitta regularis,266712,carnivore,"(Richardson et al., 2006)"
Aphragmophora,Sagittidae,Flaccisagitta enflata,105434,carnivore,"(Richardson et al., 2006)"
Aphragmophora,Sagittidae,Flaccisagitta,105406,carnivore,"(Richardson et al., 2006)"
Aphragmophora,Sagittidae,Sagittidae,5953,carnivore,"(Richardson et al., 2006)"
Aphragmophora,Sagittidae,Pseudosagitta,105409,carnivore,"(Richardson et al., 2006)"
Aphragmophora,Pterosagittidae,Pterosagitta ,105403,carnivore,"(Richardson et al., 2006)"
Aphragmophora,Sagittidae,Pseudosagitta gazellae,266258,carnivore,"(Richardson et al., 2006)"
Aphragmophora,Sagittidae,Serratosagitta serratodentata,105464,carnivore,"(Richardson et al., 2006)"
Aphragmophora,Sagittidae,Serratosagitta tasmanica,105465,carnivore,"(Richardson et al., 2006)"
Aphragmophora,Sagittidae,Solidosagitta marri,266854,carnivore,"(Richardson et al., 2006)"
Calanoida,Acartiidae,Acartia (Acanthacartia) fossae,345933,omnivore,"(Richardson et al., 2006) (Benedetti et al., 2022)"
Calanoida,Acartiidae,Acartia (Acanthacartia) pietschmani,416442,omnivore,"(Richardson et al., 2006) (Benedetti et al., 2022)"
Calanoida,Acartiidae,Acartia (Acanthacartia) sinjiensis,345940,omnivore,"(Richardson et al., 2006) (Benedetti et al., 2022)"
Calanoida,Acartiidae,Acartia (Acanthacartia) tonsa,345943,omnivore,"(Richardson et al., 2006) (Benedetti et al., 2022)"
Calanoida,Acartiidae,Acartia (Acartia) danae,346026,omnivore,"(Richardson et al., 2006) (Benedetti et al., 2022)"
Calanoida,Acartiidae,Acartia (Acartia) negligens,346030,omnivore,"(Richardson et al., 2006) (Benedetti et al., 2022)"
Calanoida,Acartiidae,Acartia (Acartiura) clausi,149755,omnivore,"(Richardson et al., 2006) (Benedetti et al., 2022)"
Calanoida,Acartiidae,Acartia (Acartiura) longiremis,346037,omnivore,"(Richardson et al., 2006) (Benedetti et al., 2022)"
Calanoida,Acartiidae,Acartia (Acartiura) longiremis,346037,omnivore,"(Richardson et al., 2006) (Benedetti et al., 2022)"
Calanoida,Acartiidae,Acartia (Acartiura) simplex,346040,omnivore,"(Richardson et al., 2006) (Benedetti et al., 2022)"
Calanoida,Acartiidae,Acartia (Acartiura) tranteri,346042,omnivore,"(Richardson et al., 2006) (Benedetti et al., 2022)"
Calanoida,Acartiidae,Acartia (Odontacartia) amboinensis,346049,omnivore,"(Richardson et al., 2006) (Benedetti et al., 2022)"
Calanoida,Acartiidae,Acartia (Odontacartia) australis,346050,omnivore,"(Richardson et al., 2006) (Benedetti et al., 2022)"
Calanoida,Acartiidae,Acartia (Odontacartia) bispinosa,346051,omnivore,"(Richardson et al., 2006) (Benedetti et al., 2022)"
Calanoida,Acartiidae,Acartia (Odontacartia) pacifica,346059,omnivore,"(Richardson et al., 2006) (Benedetti et al., 2022)"
Calanoida,Acartiidae,Acartia (Acanthacartia) tumida,346025,omnivore,"(Richardson et al., 2006) (Benedetti et al., 2022)"
Calanoida,Paracalanidae,Acrocalanus gibber,104645,omnivore,"(Benedetti et al., 2022)"
Calanoida,Paracalanidae,Acrocalanus gracilis,220838,omnivore,"(Benedetti et al., 2022)"
Calanoida,Paracalanidae,Acrocalanus longicornis,104646,omnivore,"(Benedetti et al., 2022)"
Calanoida,Paracalanidae,Acrocalanus monachus,220839,omnivore,"(Benedetti et al., 2022)"
Calanoida,Aetideidae,Aetideus acutus,104273,carnivore,"(Benedetti et al., 2016)"
Calanoida,Aetideidae,Aetideus armatus,104275,carnivore,"(Benedetti et al., 2016)"
Calanoida,Aetideidae,Aetideus australis,341238,carnivore,Inherited from genus level
Calanoida,Aetideidae,Aetideus giesbrechti,104276,carnivore,"(Benedetti et al., 2016)"
Calanoida,Aetideidae,Aetideus pseudarmatus,345717,carnivore,Inherited from genus level
Calanoida,Pontellidae,Anomalocera patersoni,104722,carnivore,Inherited from family level
Calanoida,Pontellidae,Anomalocera patersonii,364368,carnivore,Inherited from family level
Calanoida,Paracalanidae,Bestiolina similis,346152,omnivore,"(Campbell et al., 2021)"
Calanoida,Aetideidae,Bradyidius armatus,146735,omnivore,"(Benedetti et al., 2022)"
Calanoida,Calanidae,Calanoides acutus,342434,omnivore,"(Richardson et al., 2006) (Benedetti et al., 2022)"
Calanoida,Calanidae,Calanoides brevicornis,357533,omnivore,"(Richardson et al., 2006)"
Calanoida,Calanidae,Calanoides carinatus,104462,omnivore,"(Richardson et al., 2006) (Benedetti et al., 2022)"
Calanoida,Calanidae,Calanoides patagoniensis,345759,omnivore,"(Richardson et al., 2006)"
Calanoida,Pontellidae,Calanopia americana,104723,carnivore,"(Campbell et al., 2021)"
Calanoida,Pontellidae,Calanopia aurivilli,346200,carnivore,"(Campbell et al., 2021)"
Calanoida,Pontellidae,Calanopia australica,346201,carnivore,"(Campbell et al., 2021)"
Calanoida,Pontellidae,Calanopia elliptica,104724,carnivore,"(Campbell et al., 2021)"
Calanoida,Pontellidae,Calanopia minor,220919,carnivore,"(Campbell et al., 2021)"
Calanoida,Calanidae,Calanus australis,345760,omnivore,"(Richardson et al., 2006) (Benedetti et al., 2022)"
Calanoida,Calanidae,Calanus australis australis,716449,omnivore,"(Richardson et al., 2006) (Benedetti et al., 2022)"
Calanoida,Calanidae,Calanus finmarchicus,104464,omnivore,"(Richardson et al., 2006) (Benedetti et al., 2022)"
Calanoida,Calanidae,Calanus glacialis,104465,omnivore,"(Richardson et al., 2006) (Benedetti et al., 2022)"
Calanoida,Calanidae,Calanus helgolandicus,104466,omnivore,"(Richardson et al., 2006) (Benedetti et al., 2022)"
Calanoida,Calanidae,Calanus hyperboreus,104467,omnivore,"(Richardson et al., 2006) (Benedetti et al., 2022)"
Calanoida,Calanidae,Calanus marshallae,196770,omnivore,"(Richardson et al., 2006)(Benedetti et al., 2022)"
Calanoida,Calanidae,Calanus pacificus,196771,omnivore,"(Richardson et al., 2006)(Benedetti et al., 2022)"
Calanoida,Calanidae,Calanus propinquus,342435,omnivore,"(Richardson et al., 2006) (Benedetti et al., 2022)"
Calanoida,Calanidae,Calanus simillimus,342436,omnivore,"(Richardson et al., 2006) (Benedetti et al., 2022)"
Calanoida,Paracalanidae,Calocalanus pavo,104669,omnivore,"(Richardson et al., 2006) (Benedetti et al., 2022)"
Calanoida,Paracalanidae,Calocalanus plumulosus,211848,omnivore,"(Richardson et al., 2006) (Benedetti et al., 2022)"
Calanoida,Paracalanidae,Calocalanus styliremis,104673,omnivore,"(Richardson et al., 2006) (Benedetti et al., 2022)"
Calanoida,Paracalanidae,Calocalanus tenuis,237966,omnivore,"(Richardson et al., 2006) (Benedetti et al., 2022)"
Calanoida,Candaciidae,Candacia armata,104474,carnivore,"(Richardson et al., 2006) (Benedetti et al., 2016) (Benedetti et al., 2022)"
Calanoida,Candaciidae,Candacia bipinnata,104475,carnivore,"(Richardson et al., 2006) (Benedetti et al., 2016) (Benedetti et al., 2022)"
Calanoida,Candaciidae,Candacia bispinosa,220915,carnivore,"(Richardson et al., 2006)"
Calanoida,Candaciidae,Candacia bradyi,346234,carnivore,"(Richardson et al., 2006) (Benedetti et al., 2016) (Benedetti et al., 2022)"
Calanoida,Candaciidae,Candacia catula,220913,carnivore,"(Richardson et al., 2006) (Benedetti et al., 2016) (Benedetti et al., 2022)"
Calanoida,Candaciidae,Candacia cheirura,345777,carnivore,"(Richardson et al., 2006) (Benedetti et al., 2016) (Benedetti et al., 2022)"
Calanoida,Candaciidae,Candacia columbiae,349800,carnivore,"(Richardson et al., 2006) (Benedetti et al., 2016) (Benedetti et al., 2022)"
Calanoida,Candaciidae,Candacia curta,104476,carnivore,"(Richardson et al., 2006) (Benedetti et al., 2016) (Benedetti et al., 2022)"
Calanoida,Candaciidae,Candacia discaudata,346235,carnivore,"(Richardson et al., 2006) (Benedetti et al., 2016) (Benedetti et al., 2022)"
Calanoida,Candaciidae,Candacia ethiopica,104478,carnivore,"(Richardson et al., 2006) (Benedetti et al., 2016) (Benedetti et al., 2022)"
Calanoida,Candaciidae,Candacia falcifera,342437,carnivore,"(Richardson et al., 2006) (Benedetti et al., 2016) (Benedetti et al., 2022)"
Calanoida,Candaciidae,Candacia giesbrechti,104479,carnivore,"(Richardson et al., 2006) (Benedetti et al., 2016) (Benedetti et al., 2022)"
Calanoida,Candaciidae,Candacia longimana,104481,carnivore,"(Richardson et al., 2006) (Benedetti et al., 2016) (Benedetti et al., 2022)"
Calanoida,Candaciidae,Candacia maxima,342438,carnivore,"(Richardson et al., 2006) (Benedetti et al., 2016) (Benedetti et al., 2022)"
Calanoida,Candaciidae,Candacia norvegica,104482,carnivore,"(Richardson et al., 2006) (Benedetti et al., 2016) (Benedetti et al., 2022)"
Calanoida,Candaciidae,Candacia norvegica norvegica,1437526,carnivore,"(Richardson et al., 2006) (Benedetti et al., 2016) (Benedetti et al., 2022)"
Calanoida,Candaciidae,Candacia pachydactyla,104483,carnivore,"(Richardson et al., 2006) (Benedetti et al., 2016) (Benedetti et al., 2022)"
Calanoida,Candaciidae,Candacia simplex,220914,carnivore,"(Richardson et al., 2006) (Benedetti et al., 2016) (Benedetti et al., 2022)"
Calanoida,Candaciidae,Candacia tenuimana,104485,carnivore,"(Richardson et al., 2006) (Benedetti et al., 2016) (Benedetti et al., 2022)"
Calanoida,Candaciidae,Candacia truncata,220916,carnivore,"(Richardson et al., 2006) (Benedetti et al., 2016) (Benedetti et al., 2022)"
Calanoida,Candaciidae,Candacia varicans,104486,carnivore,"(Richardson et al., 2006) (Benedetti et al., 2016) (Benedetti et al., 2022)"
Calanoida,Calanidae,Canthocalanus pauper,220834,omnivore,"(Benedetti et al., 2022)"
Calanoida,Centropagidae,Centropages abdominalis,196774,omnivore,"(Richardson et al., 2006)(Benedetti et al., 2016)(Benedetti et al., 2022)"
Calanoida,Centropagidae,Centropages aucklandicus,104489,omnivore,"(Richardson et al., 2006) (Benedetti et al., 2016) (Benedetti et al., 2022)"
Calanoida,Centropagidae,Centropages australiensis,346252,omnivore,"(Richardson et al., 2006) (Benedetti et al., 2016) (Benedetti et al., 2022)"
Calanoida,Centropagidae,Centropages bradyi,104491,omnivore,"(Richardson et al., 2006) (Benedetti et al., 2016) (Benedetti et al., 2022)"
Calanoida,Centropagidae,Centropages calaninus,104492,omnivore,"(Richardson et al., 2006) (Benedetti et al., 2016) (Benedetti et al., 2022)"
Calanoida,Centropagidae,Centropages chierchiae,104494,omnivore,"(Richardson et al., 2006)(Benedetti et al., 2016)(Benedetti et al., 2022)"
Calanoida,Centropagidae,Centropages elegans,346255,omnivore,"(Richardson et al., 2006) (Benedetti et al., 2016) (Benedetti et al., 2022)"
Calanoida,Centropagidae,Centropages elongatus,220902,omnivore,"(Richardson et al., 2006) (Benedetti et al., 2016) (Benedetti et al., 2022)"
Calanoida,Centropagidae,Centropages furcatus,104495,omnivore,"(Richardson et al., 2006) (Benedetti et al., 2016) (Benedetti et al., 2022)"
Calanoida,Centropagidae,Centropages gracilis,220903,omnivore,"(Richardson et al., 2006) (Benedetti et al., 2016) (Benedetti et al., 2022)"
Calanoida,Centropagidae,Centropages hamatus,104496,omnivore,"(Richardson et al., 2006) (Benedetti et al., 2022) and (Benedetti et al., 2016) Benedetti et al (2016; 10.1093/plankt/fbv096) - small omnivorous"
Calanoida,Centropagidae,Centropages kroyeri,104497,omnivore,"(Richardson et al., 2006) (Benedetti et al., 2016) (Benedetti et al., 2022)"
Calanoida,Centropagidae,Centropages orsinii,220901,omnivore,"(Richardson et al., 2006) (Benedetti et al., 2016) (Benedetti et al., 2022)"
Calanoida,Centropagidae,Centropages typicus,104499,omnivore,"Calbet et al (2007; 10.1016/j.pocean.2007.01.003) - genus Centropages in general, consistently display selection for large motile prey"
Calanoida,Centropagidae,Centropages violaceus,104500,omnivore,"(Richardson et al., 2006) (Benedetti et al., 2016) (Benedetti et al., 2022)"
Calanoida,Clausocalanidae,Clausocalanus arcuicornis arcuicornis,1461626,omnivore,"(Richardson et al., 2006) (Benedetti et al., 2022)"
Calanoida,Clausocalanidae,Clausocalanus arcuicornis,104502,omnivore,"(Richardson et al., 2006) (Benedetti et al., 2022)"
Calanoida,Clausocalanidae,Clausocalanus brevipes,342443,omnivore,"(Richardson et al., 2006) (Benedetti et al., 2022)"
Calanoida,Clausocalanidae,Clausocalanus farrani,220843,omnivore,"(Richardson et al., 2006) (Benedetti et al., 2022)"
Calanoida,Clausocalanidae,Clausocalanus furcatus,104503,omnivore,"(Richardson et al., 2006) (Benedetti et al., 2022)"
Calanoida,Clausocalanidae,Clausocalanus ingens,345778,omnivore,"(Richardson et al., 2006) (Benedetti et al., 2022)"
Calanoida,Clausocalanidae,Clausocalanus jobei,104504,omnivore,"(Richardson et al., 2006) (Benedetti et al., 2022)"
Calanoida,Clausocalanidae,Clausocalanus laticeps,342444,omnivore,"(Richardson et al., 2006) (Benedetti et al., 2022)"
Calanoida,Clausocalanidae,Clausocalanus lividus,104505,omnivore,"(Richardson et al., 2006) (Benedetti et al., 2022)"
Calanoida,Clausocalanidae,Clausocalanus mastigophorus,104506,omnivore,"(Richardson et al., 2006) (Benedetti et al., 2022)"
Calanoida,Clausocalanidae,Clausocalanus minor,220842,omnivore,"(Richardson et al., 2006) (Benedetti et al., 2022)"
Calanoida,Clausocalanidae,Clausocalanus parapergens,104507,omnivore,"(Richardson et al., 2006) (Benedetti et al., 2022)"
Calanoida,Clausocalanidae,Clausocalanus paululus,104508,omnivore,"(Richardson et al., 2006) (Benedetti et al., 2022)"
Calanoida,Clausocalanidae,Clausocalanus pergens,104509,omnivore,"(Richardson et al., 2006) (Benedetti et al., 2022)"
Calanoida,Calanidae,Cosmocalanus darwinii darwinii,1384339,omnivore,"(Benedetti et al., 2022)"
Calanoida,Clausocalanidae,Ctenocalanus citer,342449,omnivore,"(Benedetti et al., 2022)"
Calanoida,Clausocalanidae,Ctenocalanus vanus,104510,omnivore,"(Benedetti et al., 2022)"
Calanoida,Paracalanidae,Delibus nudus,363905,omnivore,"(Benedetti et al., 2022)"
Calanoida,Clausocalanidae,Drepanopus forcipatus,342452,omnivore,Inherited from family level
Calanoida,Pontellidae,Epilabidocera amphitrites,254330,carnivore,Inherited from family level
Calanoida,Eucalanidae,Eucalanus bungii bungii,254427,omnivore,"(Richardson et al., 2006)(Benedetti et al., 2022)"
Calanoida,Eucalanidae,Eucalanus elongatus elongatus,847452,omnivore,"(Richardson et al., 2006) (Benedetti et al., 2022)"
Calanoida,Eucalanidae,Eucalanus hyalinus,345781,omnivore,"(Richardson et al., 2006) (Benedetti et al., 2022)"
Calanoida,Euchaetidae,Euchaeta acuta,104550,carnivore,"(Benedetti et al., 2022)"
Calanoida,Euchaetidae,Euchaeta concinna,104551,carnivore,"(Benedetti et al., 2022)"
Calanoida,Euchaetidae,Euchaeta indica,346438,carnivore,"(Benedetti et al., 2022)"
Calanoida,Euchaetidae,Euchaeta longicornis,346439,carnivore,"(Benedetti et al., 2022)"
Calanoida,Euchaetidae,Euchaeta marina,104552,carnivore,"(Benedetti et al., 2022)"
Calanoida,Euchaetidae,Euchaeta marinella,346441,carnivore,"(Benedetti et al., 2022)"
Calanoida,Euchaetidae,Euchaeta media,104553,carnivore,"(Benedetti et al., 2022)"
Calanoida,Euchaetidae,Euchaeta paraconcinna,196780,carnivore,"(Benedetti et al., 2022)"
Calanoida,Euchaetidae,Euchaeta pubera,104554,carnivore,"(Benedetti et al., 2022)"
Calanoida,Euchaetidae,Euchaeta rimana,346444,carnivore,"(Benedetti et al., 2022)"
Calanoida,Euchaetidae,Euchaeta spinosa,104555,carnivore,"(Benedetti et al., 2022)"
Calanoida,Aetideidae,Euchirella amoena,104296,omnivore,"(Richardson et al., 2006)"
Calanoida,Aetideidae,Euchirella curticauda,104299,omnivore,"(Richardson et al., 2006)"
Calanoida,Aetideidae,Euchirella messinensis messinensis,414565,omnivore,"(Richardson et al., 2006) (Benedetti et al., 2022)"
Calanoida,Aetideidae,Euchirella messinensis,104301,omnivore,"(Richardson et al., 2006) (Benedetti et al., 2022)"
Calanoida,Aetideidae,Euchirella pseudopulchra,196792,omnivore,"(Richardson et al., 2006)"
Calanoida,Aetideidae,Euchirella pulchra,104302,omnivore,"(Richardson et al., 2006)"
Calanoida,Aetideidae,Euchirella rostrata,104303,omnivore,"(Richardson et al., 2006) (Benedetti et al., 2022)"
Calanoida,Aetideidae,Euchirella rostromagna,342468,omnivore,"(Richardson et al., 2006) (Benedetti et al., 2022)"
Calanoida,Temoridae,Eurytemora pacifica,232028,omnivore,Inherited from family level
Calanoida,Aetideidae,Gaetanus campbellae,358653,omnivore,"(Benedetti et al., 2022) Inherited from genus level"
Calanoida,Aetideidae,Gaetanus minor,104312,omnivore,"(Benedetti et al., 2022)"
Calanoida,Aetideidae,Gaetanus pungens,342623,omnivore,"(Benedetti et al., 2022) Inherited from genus level"
Calanoida,Aetideidae,Gaetanus tenuispinus,237965,omnivore,"(Benedetti et al., 2022)"
Calanoida,Augaptilidae,Haloptilus acutifrons,104422,carnivore,"(Benedetti et al., 2016) (Benedetti et al., 2022)"
Calanoida,Augaptilidae,Haloptilus longicornis,104431,carnivore,"(Benedetti et al., 2016) (Benedetti et al., 2022)"
Calanoida,Augaptilidae,Haloptilus oxycephalus,104434,carnivore,"(Benedetti et al., 2016) (Benedetti et al., 2022)"
Calanoida,Augaptilidae,Haloptilus spiniceps,104437,carnivore,"(Benedetti et al., 2016) (Benedetti et al., 2022)"
Calanoida,Heterorhabdidae,Heterorhabdus abyssalis,104576,carnivore,"(Richardson et al., 2006)(Benedetti et al., 2022)"
Calanoida,Heterorhabdidae,Heterorhabdus austrinus,343728,carnivore,"(Richardson et al., 2006) (Benedetti et al., 2022)"
Calanoida,Heterorhabdidae,Heterorhabdus clausi,104577,carnivore,"(Richardson et al., 2006)(Benedetti et al., 2022)"
Calanoida,Heterorhabdidae,Heterorhabdus lobatus,346538,carnivore,"(Richardson et al., 2006) (Benedetti et al., 2022)"
Calanoida,Heterorhabdidae,Heterorhabdus norvegicus,104579,carnivore,"(Richardson et al., 2006) (Benedetti et al., 2022)"
Calanoida,Heterorhabdidae,Heterorhabdus oikoumenikis,346540,carnivore,"(Richardson et al., 2006) (Benedetti et al., 2022)"
Calanoida,Heterorhabdidae,Heterorhabdus papilliger,104580,carnivore,"(Richardson et al., 2006) (Benedetti et al., 2022)"
Calanoida,Heterorhabdidae,Heterorhabdus spinifer,104582,carnivore,"(Richardson et al., 2006) (Benedetti et al., 2022)"
Calanoida,Heterorhabdidae,Heterorhabdus spinifrons,104583,carnivore,"(Richardson et al., 2006) (Benedetti et al., 2022)"
Calanoida,Heterorhabdidae,Heterorhabdus tanneri,196782,carnivore,"(Richardson et al., 2006)(Benedetti et al., 2022)"
Calanoida,Heterorhabdidae,Heterostylites longicornis,104586,carnivore,"(Benedetti et al., 2022)"
Calanoida,Centropagidae,Isias clavipes,104501,omnivore,"(Benedetti et al., 2022)"
Calanoida,Pontellidae,Labidocera acuta,104726,carnivore,"(Richardson et al., 2006); contradicts (Benedetti et al., 2022) - omni"
Calanoida,Pontellidae,Labidocera acutifrons,104727,carnivore,"(Richardson et al., 2006); contradicts (Benedetti et al., 2022) - omni"
Calanoida,Pontellidae,Labidocera aestiva,104728,carnivore,"(Richardson et al., 2006); contradicts (Benedetti et al., 2022) - omni"
Calanoida,Pontellidae,Labidocera cervi,346588,carnivore,"(Richardson et al., 2006); contradicts (Benedetti et al., 2022) - omni"
Calanoida,Pontellidae,Labidocera dakini,346589,carnivore,"(Richardson et al., 2006); contradicts (Benedetti et al., 2022) - omni"
Calanoida,Pontellidae,Labidocera detruncata,104730,carnivore,"(Richardson et al., 2006); contradicts (Benedetti et al., 2022) - omni"
Calanoida,Pontellidae,Labidocera farrani,346593,carnivore,"(Richardson et al., 2006); contradicts (Benedetti et al., 2022) - omni"
Calanoida,Pontellidae,Labidocera kroyeri kroyeri,1458653,carnivore,"(Richardson et al., 2006); contradicts (Benedetti et al., 2022) - omni"
Calanoida,Pontellidae,Labidocera laevidentata,220924,carnivore,"(Richardson et al., 2006); contradicts (Benedetti et al., 2022) - omni"
Calanoida,Pontellidae,Labidocera minuta,220921,carnivore,"(Richardson et al., 2006); contradicts (Benedetti et al., 2022) - omni"
Calanoida,Pontellidae,Labidocera moretoni,220925,carnivore,"(Richardson et al., 2006); contradicts (Benedetti et al., 2022) - omni"
Calanoida,Pontellidae,Labidocera pavo,104735,carnivore,"(Richardson et al., 2006); contradicts (Benedetti et al., 2022) - omni"
Calanoida,Pontellidae,Labidocera tasmanica,346613,carnivore,"(Richardson et al., 2006); contradicts (Benedetti et al., 2022) - omni"
Calanoida,Pontellidae,Labidocera wollastoni,104736,carnivore,"(Richardson et al., 2006); contradicts (Benedetti et al., 2022) - omni"
Calanoida,Lucicutiidae,Lucicutia clausi,104595,omnivore,"(Benedetti et al., 2022)"
Calanoida,Lucicutiidae,Lucicutia flavicornis,104597,omnivore,"(Benedetti et al., 2022)"
Calanoida,Lucicutiidae,Lucicutia ovalis,104609,omnivore,"(Benedetti et al., 2022)"
Calanoida,Paracalanidae,Mecynocera clausi,104616,omnivore,"(Benedetti et al., 2022)"
Calanoida,Calanidae,Mesocalanus tenuicornis,104468,omnivore,"(Benedetti et al., 2022)"
Calanoida,Metridinidae,Metridia gerlachei,344689,omnivore,"(Richardson et al., 2006) (Benedetti et al., 2022)"
Calanoida,Metridinidae,Metridia longa,104632,omnivore,"(Richardson et al., 2006) (Benedetti et al., 2022)"
Calanoida,Metridinidae,Metridia lucens,104633,omnivore,"(Richardson et al., 2006)(Benedetti et al., 2022)"
Calanoida,Metridinidae,Metridia lucens lucens,850801,omnivore,"(Richardson et al., 2006) (Benedetti et al., 2022)"
Calanoida,Metridinidae,Metridia okhotensis,196783,omnivore,"(Richardson et al., 2006)(Benedetti et al., 2022)"
Calanoida,Metridinidae,Metridia pacifica,196784,omnivore,"(Richardson et al., 2006)(Benedetti et al., 2022)"
Calanoida,Clausocalanidae,Microcalanus pygmaeus,104513,omnivore,"(Benedetti et al., 2022)"
Calanoida,Acartiidae,Acartia,104108,omnivore,"(Richardson et al., 2006) (Benedetti et al., 2022)"
Calanoida,Paracalanidae,Acrocalanus,104192,omnivore,"(Benedetti et al., 2022)"
Calanoida,Aetideidae,Aetideus,104112,carnivore,"(Benedetti et al., 2022)"
Calanoida,Augaptilidae,Augaptilus,104137,carnivore,"(Benedetti et al., 2016)"
Calanoida,Aetideidae,Bradyidius,104115,omnivore,"(Benedetti et al., 2022)"
Calanoida,Calanidae,Calanoides,104151,omnivore,"(Richardson et al., 2006)"
Calanoida,Pontellidae,Calanopia,104207,carnivore,"(Campbell et al., 2021)"
Calanoida,Calanidae,Calanus,104152,omnivore,"(Richardson et al., 2006) Richardson et al. (2006; 10.1016/j.pocean.2005.09.011); (Benedetti et al., 2022)"
Calanoida,Paracalanidae,Calocalanus,104193,omnivore,"(Richardson et al., 2006) (Benedetti et al., 2022)"
Calanoida,Candaciidae,Candacia,104157,carnivore,"(Richardson et al., 2006) (Benedetti et al., 2016) (Benedetti et al., 2022)"
Calanoida,Centropagidae,Centropages,104159,omnivore,"(Richardson et al., 2006) (Benedetti et al., 2016) (Benedetti et al., 2022) Comprised of omni and carni"
Calanoida,Clausocalanidae,Clausocalanus,104161,omnivore,"(Richardson et al., 2006) and (Benedetti et al., 2022) Benedetti et al (2022; 10.1111/jbi.14512)"
Calanoida,Clausocalanidae,Ctenocalanus,104162,omnivore,All covered Ctenocalanus in CPR are omni
Calanoida,Paracalanidae,Delibus,363904,omnivore,"(Benedetti et al., 2022)"
Calanoida,Clausocalanidae,Drepanopus,149746,omnivore,Inherited from family level
Calanoida,Augaptilidae,Euaugaptilus,104139,carnivore,"(Benedetti et al., 2016)"
Calanoida,Eucalanidae,Eucalanus,104171,omnivore,"(Richardson et al., 2006) (Benedetti et al., 2022)"
Calanoida,Euchaetidae,Euchaeta,104174,carnivore,"(Benedetti et al., 2022)"
Calanoida,Aetideidae,Euchirella,104120,omnivore,"(Richardson et al., 2006)"
Calanoida,Aetideidae,Gaetanus,104121,omnivore,"(Benedetti et al., 2022)"
Calanoida,Heterorhabdidae,Heterorhabdus,104178,carnivore,"(Richardson et al., 2006) (Benedetti et al., 2022)"
Calanoida,Pontellidae,Labidocera,104208,carnivore,"(Richardson et al., 2006); contradicts (Benedetti et al., 2022) - omni"
Calanoida,Lucicutiidae,Lucicutia,104183,omnivore,"(Benedetti et al., 2022)"
Calanoida,Paracalanidae,Mecynocera,104184,omnivore,"(Benedetti et al., 2022)"
Calanoida,Calanidae,Mesocalanus,104153,omnivore,"(Benedetti et al., 2022) *"
Calanoida,Metridinidae,Metridia,104190,omnivore,"(Richardson et al., 2006) (Benedetti et al., 2022) - detritivore"
Calanoida,Clausocalanidae,Microcalanus,104164,omnivore,All covered Microcalanus are omni
Calanoida,Euchaetidae,Euchaetidae,104086,carnivore,"(Benedetti et al., 2022)"
Calanoida,Calanidae,Calanidae,104079,omnivore,All covered Calanidae are omni
Calanoida,Eucalanidae,Eucalanidae,104085,omnivore,"(Pata & Hunt, 2025) (Campbell et al., 2021)"
Calanoida,Rhincalanidae,Rhincalanidae,345271,omnivore,"(Richardson et al., 2006)"
Calanoida,Pontellidae,Pontellidae,104097,carnivore,"(Campbell et al., 2021)"
Calanoida,Paracalanidae,Paracalanidae,104093,omnivore,"(Campbell et al., 2021)"
Calanoida,Scolecitrichidae,Scolecitrichidae,104103,omnivore,"(Campbell et al., 2021)"
Calanoida,Calanidae,Neocalanus,104155,omnivore,"(Richardson et al., 2006) (Benedetti et al., 2022)"
Calanoida,Paracalanidae,Paracalanus,104196,omnivore,"(Richardson et al., 2006) (Benedetti et al., 2022)"
Calanoida,Euchaetidae,Paraeuchaeta,196874,carnivore,"(Razouls et al., 2005-2026) (Benedetti et al., 2016) (Benedetti et al., 2022)"
Calanoida,Eucalanidae,Pareucalanus,237967,omnivore,"(Richardson et al., 2006) (Benedetti et al., 2022)"
Calanoida,Paracalanidae,Parvocalanus,347746,omnivore,"(Campbell et al., 2021)"
Calanoida,Metridinidae,Pleuromamma,104191,omnivore,"(Richardson et al., 2006) (Benedetti et al., 2022)"
Calanoida,Pontellidae,Pontella,104209,carnivore,"(Campbell et al., 2021) (Benedetti et al., 2022)"
Calanoida,Pontellidae,Pontellina,104210,carnivore,"(Campbell et al., 2021) (Benedetti et al., 2022)"
Calanoida,Pontellidae,Pontellopsis,104211,carnivore,Inherited from family level
Calanoida,Clausocalanidae,Pseudocalanus,104165,omnivore,"(Richardson et al., 2006) (Benedetti et al., 2022)"
Calanoida,Pseudodiaptomidae,Pseudodiaptomus,157680,omnivore,NA
Calanoida,Rhincalanidae,Rhincalanus,104172,omnivore,"(Richardson et al., 2006) (Campbell et al., 2021)"
Calanoida,Scolecitrichidae,Scaphocalanus,104228,omnivore,"(Benedetti et al., 2022)"
Calanoida,Scolecitrichidae,Scolecithricella,104229,omnivore,"(Richardson et al., 2006) (Benedetti et al., 2022) (Razouls et al., 2005-2026)"
Calanoida,Scolecitrichidae,Scolecithrix,104230,omnivore,"(Benedetti et al., 2022)"
Calanoida,Subeucalanidae,Subeucalanus,104173,omnivore,"(Benedetti et al., 2022)"
Calanoida,Temoridae,Temora,104241,omnivore,"(Campbell et al., 2021) (Benedetti et al., 2022)"
Calanoida,Tortanidae,Tortanus,157683,carnivore,"(Campbell et al., 2021)"
Calanoida,Aetideidae,Undeuchaeta,104128,carnivore,"(Richardson et al., 2006) (Benedetti et al., 2022)"
Calanoida,Pontellidae,Epilabidocera ,254329,carnivore,Inherited from family level
Calanoida,Calanidae,Nannocalanus minor,104469,omnivore,"(Richardson et al., 2006) (Benedetti et al., 2022)"
Calanoida,Calanidae,Neocalanus cristatus,104470,omnivore,"(Richardson et al., 2006)(Benedetti et al., 2022)"
Calanoida,Calanidae,Neocalanus flemingeri,353708,omnivore,"(Richardson et al., 2006)(Benedetti et al., 2022)"
Calanoida,Calanidae,Neocalanus gracilis,104471,omnivore,"(Richardson et al., 2006) (Benedetti et al., 2022)"
Calanoida,Calanidae,Neocalanus plumchrus,196772,omnivore,"(Richardson et al., 2006)(Benedetti et al., 2022)"
Calanoida,Calanidae,Neocalanus robustior,104472,omnivore,"(Richardson et al., 2006) (Benedetti et al., 2022)"
Calanoida,Calanidae,Neocalanus tonsus,344701,omnivore,"(Richardson et al., 2006) (Benedetti et al., 2022)"
Calanoida,Paracalanidae,Paracalanus aculeatus,104681,omnivore,"(Richardson et al., 2006) (Benedetti et al., 2022)"
Calanoida,Paracalanidae,Paracalanus aculeatus aculeatus,1464945,omnivore,"(Richardson et al., 2006) (Benedetti et al., 2022)"
Calanoida,Euchaetidae,Paraeuchaeta barbata,104557,carnivore,"(Razouls et al., 2005-2026) (Benedetti et al., 2016) (Benedetti et al., 2022)"
Calanoida,Paracalanidae,Paracalanus denudatus,104682,omnivore,"(Richardson et al., 2006) (Benedetti et al., 2022)"
Calanoida,Paracalanidae,Paracalanus indicus,104683,omnivore,"(Richardson et al., 2006) (Benedetti et al., 2022)"
Calanoida,Paracalanidae,Paracalanus parvus parvus,745865,omnivore,"(Richardson et al., 2006) (Benedetti et al., 2022)"
Calanoida,Paracalanidae,Paracalanus parvus parvus,745865,omnivore,"(Richardson et al., 2006) (Benedetti et al., 2022)"
Calanoida,Euchaetidae,Paraeuchaeta antarctica,344974,carnivore,"(Razouls et al., 2005-2026) (Benedetti et al., 2016) (Benedetti et al., 2022)"
Calanoida,Euchaetidae,Paraeuchaeta biloba,344996,carnivore,"(Razouls et al., 2005-2026) (Benedetti et al., 2016) (Benedetti et al., 2022)"
Calanoida,Euchaetidae,Paraeuchaeta elongata,196779,carnivore,"(Razouls et al., 2005-2026)(Benedetti et al., 2016)(Benedetti et al., 2022)"
Calanoida,Euchaetidae,Paraeuchaeta exigua,345051,carnivore,"(Razouls et al., 2005-2026) (Benedetti et al., 2016) (Benedetti et al., 2022)"
Calanoida,Euchaetidae,Paraeuchaeta glacialis,104560,carnivore,"(Razouls et al., 2005-2026) (Benedetti et al., 2016) (Benedetti et al., 2022)"
Calanoida,Euchaetidae,Paraeuchaeta gracilis,104561,carnivore,"(Razouls et al., 2005-2026) (Benedetti et al., 2016) (Benedetti et al., 2022)"
Calanoida,Euchaetidae,Paraeuchaeta hebes,104563,carnivore,"(Razouls et al., 2005-2026) (Benedetti et al., 2022)"
Calanoida,Euchaetidae,Paraeuchaeta norvegica,104566,carnivore,"(Benedetti et al., 2016) (Benedetti et al., 2022) (Razouls et al., 2005-2026; http://copepodes.obs-banyuls.fr/en)"
Calanoida,Euchaetidae,Paraeuchaeta tonsa,359879,carnivore,"(Razouls et al., 2005-2026) (Benedetti et al., 2016) (Benedetti et al., 2022)"
Calanoida,Euchaetidae,Paraeuchaeta tumidula,104573,carnivore,"(Razouls et al., 2005-2026) (Benedetti et al., 2016) (Benedetti et al., 2022)"
Calanoida,Heterorhabdidae,Paraheterorhabdus farrani,345232,carnivore,"(Benedetti et al., 2022)"
Calanoida,Acartiidae,Paralabidocera antarctica,345234,carnivore,Inherited from family level
Calanoida,Parapontellidae,Parapontella brevicornis,104686,carnivore,"(Benedetti et al., 2016)"
Calanoida,Eucalanidae,Pareucalanus attenuatus,237968,omnivore,"(Richardson et al., 2006)"
Calanoida,Eucalanidae,Pareucalanus langae,354594,omnivore,"(Richardson et al., 2006)"
Calanoida,Eucalanidae,Pareucalanus sewelli,360047,omnivore,"(Richardson et al., 2006) (Benedetti et al., 2022)"
Calanoida,Paracalanidae,Parvocalanus crassirostris,360051,omnivore,"(Campbell et al., 2021)"
Calanoida,Paracalanidae,Parvocalanus serratipes,360054,omnivore,"(Campbell et al., 2021)"
Calanoida,Phaennidae,Phaenna spinifera,104698,carnivore,"(Benedetti et al., 2016)"
Calanoida,Metridinidae,Pleuromamma abdominalis abdominalis,596242,omnivore,"(Richardson et al., 2006) (Benedetti et al., 2022)"
Calanoida,Metridinidae,Pleuromamma abdominalis,104637,omnivore,"(Richardson et al., 2006) (Benedetti et al., 2022)"
Calanoida,Metridinidae,Pleuromamma borealis,104638,omnivore,"(Richardson et al., 2006) (Benedetti et al., 2022)"
Calanoida,Metridinidae,Pleuromamma gracilis gracilis,1436445,omnivore,"(Richardson et al., 2006) (Benedetti et al., 2022)"
Calanoida,Metridinidae,Pleuromamma gracilis,104639,omnivore,"(Richardson et al., 2006) (Benedetti et al., 2022)"
Calanoida,Metridinidae,Pleuromamma indica,220900,omnivore,"(Richardson et al., 2006) (Benedetti et al., 2022)"
Calanoida,Metridinidae,Pleuromamma piseki,104640,omnivore,"(Richardson et al., 2006) (Benedetti et al., 2022)"
Calanoida,Metridinidae,Pleuromamma quadrungulata quadrungulata,224185,omnivore,"(Richardson et al., 2006) (Benedetti et al., 2022)"
Calanoida,Metridinidae,Pleuromamma robusta robusta,746007,omnivore,"(Richardson et al., 2006) (Benedetti et al., 2022)"
Calanoida,Metridinidae,Pleuromamma robusta,104642,omnivore,"(Richardson et al., 2006) (Benedetti et al., 2022)"
Calanoida,Metridinidae,Pleuromamma xiphias,104643,omnivore,"(Richardson et al., 2006) (Benedetti et al., 2022)"
Calanoida,Pontellidae,Pontella novaezealandiae,354875,carnivore,"(Campbell et al., 2021)"
Calanoida,Pontellidae,Pontella pulvinata,196793,carnivore,"(Campbell et al., 2021)(Benedetti et al., 2022)"
Calanoida,Pontellidae,Pontella securifer,104740,carnivore,"(Campbell et al., 2021) (Benedetti et al., 2022)"
Calanoida,Pontellidae,Pontellina morii,220928,carnivore,"(Campbell et al., 2021)"
Calanoida,Pontellidae,Pontellina plumata,104743,carnivore,"(Campbell et al., 2021) (Benedetti et al., 2022)"
Calanoida,Pontellidae,Pontellina securifer,196786,carnivore,"(Campbell et al., 2021)(Benedetti et al., 2022)"
Calanoida,Pontellidae,Pontellopsis krameri,360246,carnivore,"(Campbell et al., 2021)"
Calanoida,Pontellidae,Pontellopsis regalis,104745,carnivore,Inherited from family level
Calanoida,Scolecitrichidae,Pseudoamallothrix ovata,345251,omnivore,"(Campbell et al., 2021)"
Calanoida,Pseudodiaptomidae,Pseudodiaptomus baylyi,355135,omnivore,"(Campbell et al., 2021)"
Calanoida,Pseudodiaptomidae,Pseudodiaptomus mertoni,355172,omnivore,"(Campbell et al., 2021)"
Calanoida,Rhincalanidae,Rhincalanus cornutus cornutus,1488083,omnivore,"(Richardson et al., 2006) (Campbell et al., 2021) (Pata & Hunt, 2025)"
Calanoida,Rhincalanidae,Rhincalanus cornutus,104542,omnivore,"(Richardson et al., 2006)"
Calanoida,Rhincalanidae,Rhincalanus gigas,220837,omnivore,"(Richardson et al., 2006) (Campbell et al., 2021) (Pata & Hunt, 2025)"
Calanoida,Rhincalanidae,Rhincalanus nasutus,104543,omnivore,"(Richardson et al., 2006) (Campbell et al., 2021) (Pata & Hunt, 2025)"
Calanoida,Rhincalanidae,Rhincalanus rostrifrons,356829,omnivore,"(Richardson et al., 2006) (Campbell et al., 2021)"
Calanoida,Scolecitrichidae,Scaphocalanus brevicornis,104790,omnivore,"(Benedetti et al., 2022) (Pata & Hunt, 2025)"
Calanoida,Scolecitrichidae,Scaphocalanus echinatus,104793,omnivore,"(Benedetti et al., 2022) (Pata & Hunt, 2025)"
Calanoida,Scolecitrichidae,Scaphocalanus farrani,345286,omnivore,"(Benedetti et al., 2022) (Pata & Hunt, 2025)"
Calanoida,Scolecitrichidae,Scolecithricella globulosa,355505,omnivore,"(Richardson et al., 2006) (Benedetti et al., 2022) (Razouls et al., 2005-2026)"
Calanoida,Scolecitrichidae,Scolecithricella minor minor,1509944,omnivore,"(Richardson et al., 2006) (Benedetti et al., 2022) (Razouls et al., 2005-2026)"
Calanoida,Scolecitrichidae,Scolecithricella minor,104811,omnivore,"(Razouls et al., 2005-2026)"
Calanoida,Scolecitrichidae,Scolecithricella orientalis,104813,omnivore,"(Razouls et al., 2005-2026)"
Calanoida,Scolecitrichidae,Scolecithrix bradyi,104820,omnivore,"(Benedetti et al., 2022)"
Calanoida,Scolecitrichidae,Scolecithrix danae,104821,omnivore,"(Benedetti et al., 2022)"
Calanoida,Scolecitrichidae,Scottocalanus persecans,104832,omnivore,"(Razouls et al., 2005-2026)"
Calanoida,Scolecitrichidae,Scottocalanus securifrons,104833,omnivore,"(Razouls et al., 2005-2026)"
Calanoida,Subeucalanidae,Subeucalanus crassus,104544,omnivore,"(Benedetti et al., 2022)"
Calanoida,Subeucalanidae,Subeucalanus dentatus,360662,omnivore,Inherited from genus level
Calanoida,Subeucalanidae,Subeucalanus longiceps,345366,omnivore,"(Richardson et al., 2006) (Benedetti et al., 2022)"
Calanoida,Subeucalanidae,Subeucalanus monachus,104545,omnivore,"(Benedetti et al., 2022)"
Calanoida,Subeucalanidae,Subeucalanus mucronatus,104546,omnivore,"(Benedetti et al., 2022)"
Calanoida,Subeucalanidae,Subeucalanus pileatus,104547,omnivore,"(Benedetti et al., 2022)"
Calanoida,Subeucalanidae,Subeucalanus subcrassus,104548,omnivore,"(Benedetti et al., 2022)"
Calanoida,Subeucalanidae,Subeucalanus subtenuis,104549,omnivore,"(Benedetti et al., 2022)"
Calanoida,Sulcanidae,Sulcanus conflictus,355934,carnivore,"(Campbell et al., 2021)"
Calanoida,Temoridae,Temora discaudata,220898,omnivore,"(Richardson et al., 2006)"
Calanoida,Temoridae,Temora longicornis,104878,omnivore,"(Richardson et al., 2006) (Benedetti et al., 2022) (Campbell et al., 2021)"
Calanoida,Temoridae,Temora stylifera,104879,omnivore,"(Richardson et al., 2006) (Benedetti et al., 2022) (Campbell et al., 2021)"
Calanoida,Temoridae,Temora turbinata,104880,omnivore,"(Richardson et al., 2006) (Benedetti et al., 2022) (Campbell et al., 2021)"
Calanoida,Tortanidae,Tortanus (Tortanus) barbatus,720586,carnivore,"(Campbell et al., 2021)"
Calanoida,Tortanidae,Tortanus (Tortanus) gracilis,720560,carnivore,"(Campbell et al., 2021)"
Calanoida,Tortanidae,Tortanus discaudatus,157684,carnivore,"(Benedetti et al., 2022)"
Calanoida,Aetideidae,Undeuchaeta intermedia,196795,carnivore,"(Richardson et al., 2006)"
Calanoida,Aetideidae,Undeuchaeta major,104342,carnivore,"(Richardson et al., 2006)"
Calanoida,Aetideidae,Undeuchaeta plumosa,104343,carnivore,"(Richardson et al., 2006)"
Calanoida,Calanidae,Undinula vulgaris,104473,omnivore,"(Benedetti et al., 2022)"
Copelata,Fritillariidae,Fritillaria pellucida,103386,filter-feeder,Appendicularian
Copelata,Fritillariidae,Appendicularia,103357,filter-feeder,Appendicularian
Copelata,Fritillariidae,Fritillaria,103358,filter-feeder,Appendicularian
Copelata,Oikopleuridae,Oikopleuridae,103356,filter-feeder,Appendicularian
Copelata,Fritillariidae,Fritillariidae,103354,filter-feeder,Appendicularian
Copelata,Oikopleuridae,Oikopleura,103367,filter-feeder,Appendicularian
Ctenopoda,Sididae,Penilia avirostris,106272,omnivore,"(Kim et al., 1989) and Atienza et al (2006; 10.3354/meps315211) - filter-feeder"
Cyclopoida,Corycaeidae,Agetus flaccus,128795,carnivore,"(Benedetti et al., 2022) (Campbell et al., 2021)"
Cyclopoida,Corycaeidae,Agetus limbatus,128796,carnivore,"(Benedetti et al., 2022) (Campbell et al., 2021)"
Cyclopoida,Corycaeidae,Agetus typicus,128797,carnivore,"(Benedetti et al., 2022) (Campbell et al., 2021)"
Cyclopoida,Sapphirinidae,Copilia hendorffi,346293,carnivore,"Inherited from genus level; contradicts (Campbell et al., 2021)"
Cyclopoida,Sapphirinidae,Copilia lata,129036,carnivore,"(Benedetti et al., 2022); contradicts (Campbell et al., 2021)"
Cyclopoida,Sapphirinidae,Copilia mirabilis,129038,carnivore,"(Benedetti et al., 2022) (Pata & Hunt, 2025); contradicts (Campbell et al., 2021)"
Cyclopoida,Sapphirinidae,Copilia quadrata,129039,carnivore,"(Benedetti et al., 2022) (Pata & Hunt, 2025); contradicts (Campbell et al., 2021)"
Cyclopoida,Corycaeidae,Corycaeus clausi,128798,carnivore,"(Richardson et al., 2006) (Benedetti et al., 2016) (Benedetti et al., 2022)"
Cyclopoida,Corycaeidae,Corycaeus crassiusculus,128799,carnivore,"(Richardson et al., 2006) (Benedetti et al., 2016) (Benedetti et al., 2022)"
Cyclopoida,Corycaeidae,Corycaeus speciosus,128800,carnivore,"(Richardson et al., 2006) (Benedetti et al., 2016) (Benedetti et al., 2022)"
Cyclopoida,Corycaeidae,Corycaeus vitreus,346298,carnivore,"(Richardson et al., 2006) (Benedetti et al., 2016) (Benedetti et al., 2022)"
Cyclopoida,Oithonidae,Dioithona oculata,346358,omnivore,"(Benedetti et al., 2022)"
Cyclopoida,Oithonidae,Dioithona rigida,346360,omnivore,"(Benedetti et al., 2022)"
Cyclopoida,Corycaeidae,Ditrichocorycaeus andrewsi,128804,carnivore,Inherited from genus level
Cyclopoida,Corycaeidae,Ditrichocorycaeus anglicus,128805,carnivore,"(Benedetti et al., 2022)"
Cyclopoida,Corycaeidae,Ditrichocorycaeus asiaticus,358328,carnivore,Inherited from genus level
Cyclopoida,Corycaeidae,Ditrichocorycaeus aucklandicus,764978,carnivore,"(Benedetti et al., 2022)"
Cyclopoida,Corycaeidae,Ditrichocorycaeus dahli,764980,carnivore,Inherited from genus level
Cyclopoida,Corycaeidae,Ditrichocorycaeus erythraeus,764981,carnivore,"(Benedetti et al., 2022)"
Cyclopoida,Corycaeidae,Ditrichocorycaeus lubbocki,128807,carnivore,"(Benedetti et al., 2016)"
Cyclopoida,Corycaeidae,Ditrichocorycaeus minimus,128808,carnivore,Inherited from genus level
Cyclopoida,Corycaeidae,Ditrichocorycaeus subtilis,128809,carnivore,Inherited from genus level
Cyclopoida,Corycaeidae,Ditrichocorycaeus tenuis,128810,carnivore,Inherited from genus level
Cyclopoida,Corycaeidae,Farranula carinata,128811,carnivore,"(Benedetti et al., 2016) (Benedetti et al., 2022)"
Cyclopoida,Corycaeidae,Farranula concinna,346476,carnivore,"(Benedetti et al., 2022)"
Cyclopoida,Corycaeidae,Farranula curta,128812,carnivore,"(Benedetti et al., 2022)"
Cyclopoida,Corycaeidae,Farranula gibbula,346477,carnivore,"(Benedetti et al., 2022)"
Cyclopoida,Corycaeidae,Farranula gracilis,128813,carnivore,"(Benedetti et al., 2022)"
Cyclopoida,Corycaeidae,Farranula rostrata,128814,carnivore,"(Benedetti et al., 2022)"
Cyclopoida,Lubbockiidae,Lubbockia aculeata,128893,carnivore,"(Benedetti et al., 2016)"
Cyclopoida,Lubbockiidae,Lubbockia squillimana,128894,carnivore,"(Benedetti et al., 2016)"
Cyclopoida,Ergasilida,Monocorycaeus robustus,128815,carnivore,"(Campbell et al., 2021)"
Cyclopoida,Corycaeidae,Agetus,128633,carnivore,"(Benedetti et al., 2022) (Campbell et al., 2021)"
Cyclopoida,Sapphirinidae,Copilia,128721,carnivore,"(Benedetti et al., 2022); contradicts (Campbell et al., 2021)"
Cyclopoida,Corycaeidae,Corycaeus,128634,carnivore,"(Richardson et al., 2006) (Benedetti et al., 2016) (Benedetti et al., 2022)"
Cyclopoida,Corycaeidae,Ditrichocorycaeus,128635,carnivore,"(Benedetti et al., 2022) *"
Cyclopoida,Corycaeidae,Farranula,128636,carnivore,"(Benedetti et al., 2022)"
Cyclopoida,Lubbockiidae,Lubbockia,128672,carnivore,"(Benedetti et al., 2016)"
Cyclopoida,Corycaeidae,Corycaeidae,128569,carnivore,"(Benedetti et al., 2022) *"
Cyclopoida,Oithonidae,Oithona,106485,omnivore,"(Richardson et al., 2006)"
Cyclopoida,Oncaeidae,Oncaea,128690,carnivore,"(Go et al., 1998) Considerable predation on chaetognaths, appendicularians and salps"
Cyclopoida,Corycaeidae,Onychocorycaeus,128638,carnivore,"(Benedetti et al., 2022)"
Cyclopoida,Sapphirinidae,Sapphirina,128722,carnivore,"(Benedetti et al., 2016) (Benedetti et al., 2022) (Pata & Hunt, 2025)"
Cyclopoida,Oncaeidae,Triconia,128691,omnivore,"(Benedetti et al., 2022) (Campbell et al., 2021)"
Cyclopoida,Corycaeidae,Urocorycaeus,128639,carnivore,"(Benedetti et al., 2022)"
Cyclopoida,Oithonidae,Oithona atlantica,106642,omnivore,"(Richardson et al., 2006)"
Cyclopoida,Oithonidae,Oithona attenuata,220944,omnivore,"(Richardson et al., 2006)"
Cyclopoida,Oithonidae,Oithona brevicornis brevicornis,367245,omnivore,"(Richardson et al., 2006)"
Cyclopoida,Oithonidae,Oithona decipiens,106644,omnivore,"(Richardson et al., 2006)"
Cyclopoida,Oithonidae,Oithona frigida,344712,omnivore,"(Richardson et al., 2006)"
Cyclopoida,Oithonidae,Oithona longispina,106649,omnivore,"(Richardson et al., 2006)"
Cyclopoida,Oithonidae,Oithona nana,106651,omnivore,"(Richardson et al., 2006)"
Cyclopoida,Oithonidae,Oithona plumifera,106652,omnivore,"(Richardson et al., 2006)"
Cyclopoida,Oithonidae,Oithona setigera setigera,734517,omnivore,"(Richardson et al., 2006)"
Cyclopoida,Oithonidae,Oithona similis,106656,omnivore,"(Richardson et al., 2006)"
Cyclopoida,Oithonidae,Oithona simplex simplex,734518,omnivore,"(Richardson et al., 2006)"
Cyclopoida,Oithonidae,Oithona tenuis,106658,omnivore,"(Richardson et al., 2006)"
Cyclopoida,Oncaeidae,Oncaea atlantica,128926,carnivore,"(Go et al., 1998)"
Cyclopoida,Oncaeidae,Oncaea clevei,354022,carnivore,"(Go et al., 1998)"
Cyclopoida,Oncaeidae,Oncaea curvata,344719,carnivore,"(Go et al., 1998)"
Cyclopoida,Oncaeidae,Oncaea media,128938,carnivore,"(Go et al., 1998)"
Cyclopoida,Oncaeidae,Oncaea mediterranea,128939,carnivore,"(Go et al., 1998)"
Cyclopoida,Oncaeidae,Oncaea paraclevei,361875,carnivore,"(Go et al., 1998)"
Cyclopoida,Oncaeidae,Oncaea scottodicarloi,128950,carnivore,"(Go et al., 1998)"
Cyclopoida,Oncaeidae,Oncaea venusta,128954,carnivore,"(Go et al., 1998; 10.1016/S0924-7963(97)00038-9) - contrasts to (Benedetti et al., 2022) Detritivore"
Cyclopoida,Oncaeidae,Oncaea venusta typica,363803,carnivore,"(Go et al., 1998)"
Cyclopoida,Oncaeidae,Oncaea waldemari,360846,carnivore,"(Go et al., 1998)"
Cyclopoida,Oncaeidae,Oncaea zernovi,128955,carnivore,"(Go et al., 1998)"
Cyclopoida,Corycaeidae,Onychocorycaeus agilis,359743,carnivore,"(Benedetti et al., 2022)"
Cyclopoida,Corycaeidae,Onychocorycaeus catus,128816,carnivore,"(Benedetti et al., 2022)"
Cyclopoida,Corycaeidae,Onychocorycaeus giesbrechti,128817,carnivore,"(Benedetti et al., 2022)"
Cyclopoida,Corycaeidae,Onychocorycaeus latus,128818,carnivore,"(Benedetti et al., 2022)"
Cyclopoida,Corycaeidae,Onychocorycaeus ovalis,128819,carnivore,"(Benedetti et al., 2022)"
Cyclopoida,Corycaeidae,Onychocorycaeus pacificus,359744,carnivore,"(Benedetti et al., 2022)"
Cyclopoida,Corycaeidae,Onychocorycaeus pumilus,128820,carnivore,Inherited from genus level
Cyclopoida,Lubbockiidae,Pseudolubbockia dilatata,128895,carnivore,Inherited from family level
Cyclopoida,Sapphirinidae,Sapphirina angusta,129041,carnivore,"(Benedetti et al., 2022) (Pata & Hunt, 2025) *"
Cyclopoida,Sapphirinidae,Sapphirina metallina,129052,carnivore,"(Benedetti et al., 2016) (Benedetti et al., 2022) (Pata & Hunt, 2025)"
Cyclopoida,Sapphirinidae,Sapphirina nigromaculata,129053,carnivore,"(Benedetti et al., 2016) (Benedetti et al., 2022) (Pata & Hunt, 2025)"
Cyclopoida,Sapphirinidae,Sapphirina opalina,129054,carnivore,"(Benedetti et al., 2016) (Benedetti et al., 2022) (Pata & Hunt, 2025)"
Cyclopoida,Sapphirinidae,Sapphirina scarlata,129058,carnivore,"(Benedetti et al., 2016) (Benedetti et al., 2022) (Pata & Hunt, 2025)"
Cyclopoida,Sapphirinidae,Sapphirina stellata,129060,carnivore,"(Benedetti et al., 2016) (Benedetti et al., 2022) (Pata & Hunt, 2025)"
Cyclopoida,Oncaeidae,Triconia antarctica,345368,omnivore,"(Benedetti et al., 2022) (Pata & Hunt, 2025)"
Cyclopoida,Oncaeidae,Triconia conifera,128957,omnivore,"(Benedetti et al., 2022) (Campbell et al., 2021)"
Cyclopoida,Corycaeidae,Urocorycaeus furcifer,128821,carnivore,"(Benedetti et al., 2022)"
Cyclopoida,Corycaeidae,Urocorycaeus lautus,128822,carnivore,"(Benedetti et al., 2022)"
Cyclopoida,Corycaeidae,Urocorycaeus longistylis,765217,carnivore,"(Benedetti et al., 2022)"
Decapoda,Luciferidae,Belzebub penicillifer,883869,carnivore,Inherited from the genus level
Decapoda,Luciferidae,Lucifer typus,107122,carnivore,Inherited from the genus level
Decapoda,Munididae,Munida gregaria,392346,carnivore,Pérez-Barros et al. (2010; https://www.redalyc.org/pdf/479/47919217011.pdf)
Decapoda,Luciferidae,Belzebub spp.,883864,omnivore,Sathishkumar et al (2024; 10.1111/maec.12849) - Opportunistic feeder
Decapoda,Luciferidae,Lucifer,106827,carnivore,Vega-Pérez et al (1996; 10.1590/S1413-77391996000100001 )
Decapoda,Sergestidae,Sergestidae,106731,carnivore,"(Richardson et al., 2006)"
Decapoda,Porcellanidae,Porcellanidae,106734,omnivore,NA
Decapoda,Palinuridae,Panulirus,107060,carnivore,"Derived at genus level from Panulirus cygnus (Saunders et al., 2012; 10.1371/journal.pone.0036580)"
Doliolida,Doliolidae,Doliolum,137222,filter-feeder,Thaliacean
Doliolida,Doliolidae,Doliolidae,137215,filter-feeder,Thaliacean
Euphausiacea,Euphausiidae,Euphausia crystallorophias,236216,omnivore,"(Ko et al., 2016; 10.1016/j.dsr2.2015.04.023)"
Euphausiacea,Euphasiidae,Euphausia frigida,236218,omnivore,Inherited from genus level (Opportunistic feeder)
Euphausiacea,Euphasiidae,Euphausia hanseni,110685,omnivore,"(Pillar et al., 1992; 10.2989/02577619209504714)"
Euphausiacea,Euphasiidae,Euphausia longirostris,221053,omnivore,Inherited from genus level (Opportunistic feeder)
Euphausiacea,Euphausiidae,Euphausia lucens,221055,omnivore,"(Pillar et al., 1992)"
Euphausiacea,Euphausiidae,Euphausia recurva,221047,omnivore,"(Suh & Choi, 1998); contradicts (Berkes et al., 1975) (Pata & Hunt, 2025)"
Euphausiacea,Euphasiidae,Euphausia similis,221048,omnivore,"(Suh & Choi, 1998; 10.1023/A:1003435622123)"
Euphausiacea,Euphasiidae,Euphausia spinifera,221051,omnivore,Inherited from genus level (Opportunistic feeder)
Euphausiacea,Euphausiidae,Euphausia superba,236217,omnivore,Boyd et al (1988; https://www.jstor.org/stable/27920092)
Euphausiacea,Euphausiidae,Euphausia triacantha,236220,omnivore,Inherited from genus level (Opportunistic feeder)
Euphausiacea,Euphausiidae,Euphausia vallentini,221054,omnivore,"(Berkes et al., 1975)"
Euphausiacea,Euphasiidae,Hansarsia megalops,1649789,omnivore,Inherited from family level (Opportunistic feeder)
Euphausiacea,Euphausiidae,Euphausia,110673,omnivore,"Highly flexible diet; Sogawa et al. (2017; 10.1093/jcbiol/ruw014) ; (Berkes et al., 1975; http://www.jstor.org/stable/20102261); Suh & Choi (1998; 10.1023/A:1003435622123)"
Euphausiacea,Euphausiidae,Nyctiphanes,110677,omnivore,Opportunistic feeder
Euphausiacea,Euphausiidae,Pseudeuphausia,205900,omnivore,"(Berkes et al., 1975)"
Euphausiacea,Euphausiidae,Stylocheiron,110678,carnivore,"(Pata & Hunt, 2025)"
Euphausiacea,Euphausiidae,Thysanoessa,110679,omnivore,Inherited from genus level
Euphausiacea,Euphasiidae,Hansarsia,1649781,omnivore,"(Pillar et al., 1992) Opportunistic feeder"
Euphausiacea,Euphausiidae,Nematoscelis megalops,110695,omnivore,"(Pillar et al., 1992)"
Euphausiacea,Euphausiidae,Nyctiphanes australis,237863,omnivore,[UTAS-IMAS; https://www.imas.utas.edu.au/zooplankton/image-key/malacostraca/euphausiacea/nyctiphanes-australis] Opportunistic feeder; feeds on mix of phyto & zoop
Euphausiacea,Euphausiidae,Stylocheiron longicorne,110703,carnivore,Inherited from genus level
Euphausiacea,Euphausiidae,Thysanoessa gregaria,110707,omnivore,"(Pata & Hunt, 2025)"
Euphausiacea,Euphausiidae,Thysanoessa macrura,236219,omnivore,"(Berkes et al., 1975)"
Halocyprida,Halocyprididae,Conchoecia,127533,omnivore,"(Pata & Hunt, 2025)"
Harpacticoida,Peltidiidae,Clytemnestra farrani,346283,omnivore,"(Campbell et al., 2021)"
Harpacticoida,Peltidiidae,Clytemnestra longipes,346286,omnivore,"(Campbell et al., 2021)"
Harpacticoida,Peltidiidae,Clytemnestra scutellata,115805,omnivore,"(Campbell et al., 2021)"
Harpacticoida,Tachidiidae,Euterpina acutifrons,116162,omnivore,"(Benedetti et al., 2022) (Pata & Hunt, 2025) (Campbell et al., 2021)"
Harpacticoida,Miraciidae,Macrosetella gracilis,116382,omnivore,"(Benedetti et al., 2022) (Campbell et al., 2021) (Pata & Hunt, 2025)"
Harpacticoida,Ectinosomatidae,Microsetella norvegica,116115,omnivore,"(Benedetti et al., 2022) (Campbell et al., 2021) (Pata & Hunt, 2025)"
Harpacticoida,Ectinosomatidae,Microsetella rosea,116116,omnivore,"(Benedetti et al., 2022) (Campbell et al., 2021) (Pata & Hunt, 2025)"
Harpacticoida,Peltidiidae,Clytemnestra,115273,omnivore,"(Campbell et al., 2021)"
Harpacticoida,Miraciidae,Macrosetella,115408,omnivore,"(Benedetti et al., 2022) (Campbell et al., 2021)"
Harpacticoida,Ectinosomatidae,Microsetella,115341,omnivore,"(Benedetti et al., 2022) (Campbell et al., 2021)"
Harpacticoida,NA,Harpacticoida,1102,omnivore,Mascart et al. (2014; conference paper)
Isopoda,Cirolanidae,Metacirolana spp.,118403,carnivore,"(Poore & Bruce, 2012; 10.1371/journal.pone.0043529)"
Limnomedusae,Geryoniidae,Liriope tetraphylla,117568,carnivore,"(Pata & Hunt, 2025)"
Littorinimorpha,Atlantidae,Atlanta,137687,omnivore,"Inherited from order level; (Kim & DeWreede, 1996; 10.1515_botm.1996.39.1-6.561) - Littorinid snails are primarily herbivorous"
Littorinimorpha,Carinariidae,Carinaria,137746,omnivore,"Inherited from order level; (Kim & DeWreede, 1996)"
Littorinimorpha,Velutinidae,Echinospira,558776,omnivore,"Inherited from order level; (Kim & DeWreede, 1996)"
Littorinimorpha,Pterotracheidae,Firoloida,138008,omnivore,"Inherited from order level; (Kim & DeWreede, 1996)"
Littorinimorpha,Atlantidae,Atlantidae,22990,omnivore,"Inherited from order level; (Kim & DeWreede, 1996)"
Littorinimorpha,NA,Pterotracheoidea,387338,omnivore,"Inherited from order level; (Kim & DeWreede, 1996)"
Littorinimorpha,Pterotracheidae,Pterotracheidae,225072,omnivore,"Inherited from order level; (Kim & DeWreede, 1996)"
Littorinimorpha,NA,Tonnoidea,14777,omnivore,"Inherited from order level; (Kim & DeWreede, 1996)"
Littorinimorpha,Pterotracheidae,Pterotrachea,138009,omnivore,"Inherited from order level; (Kim & DeWreede, 1996)"
Littorinimorpha,Atlantidae,Oxygyrus ,137688,omnivore,"(Kim & DeWreede, 1996)"
Mysida,NA,Mysida,149668,carnivore,"(Richardson et al., 2006)"
Mysida,Mysidae,Mysidae,119822,carnivore,"(Richardson et al., 2006)"
NA,NA,Appendicularia,146421,filter-feeder,Appendicularian
NA,NA,Bivalvia,105,omnivore,Cranford et al. (2011; 10.1002/9780470960967.ch4) ; Jørgensen (1996; 10.3354/meps142287)
NA,NA,Cephalopoda,11707,carnivore,"(Dill-Okubo et al., 2021) - all cephalopods are carnivores"
NA,NA,Larvacea,17446,filter-feeder,Appendicularian
NA,NA,Chaetognatha,2081,carnivore,"(Richardson et al., 2006)"
NA,NA,Cnidaria,1267,carnivore,"Given surface sampling of CPR and carnivory by pelagic cnidarians, carnivory is attributed (Morejón-Arrojo et al., 2025). Nonetheless, benthic cnidarians have been recorded (Gregorin et al., 2024)."
NA,NA,Medusozoa,1740301,carnivore,Inherited for cnidarians.
NA,Phoronidae,Phoronidae,148378,omnivore,"Filter-feeding food particles by free-swimming actinotroch larvae (Riisgård, 2002)"
NA,NA,Ctenophora,1248,carnivore,Irvine et al (2025; 10.1016/j.cub.2025.04.029)
NA,NA,Tunicata,146420,filter-feeder,NA
NA,NA,Ostracoda,1078,carnivore,Wilkinson et al. (2007). Ostracod carnivory through time. Modern ostracods
NA,NA,Cirripedia,1082,omnivore,Turner et al. (2001) - preference for diatoms
NA,NA,Thaliacea,22626,filter-feeder,NA
Onychopoda,Podonidae,Evadne nordmanni,106273,omnivore,"(Kim et al., 1989)"
Onychopoda,Podonidae,Evadne spinifera,106274,omnivore,Inherited from genus level
Onychopoda,Podonidae,Evadne,106267,omnivore,"(Kim et al., 1989) - Kim et al. (1989; 10.1007/BF00391145) - diet composed of diatoms and dinoflagellates"
Onychopoda,Podonidae,Podon,106269,omnivore,"(Kim et al., 1989)"
Onychopoda,Podonidae,Pleopis polyphemoides,247981,omnivore,Inherited from family level
Onychopoda,Podonidae,Podon intermedius,106276,omnivore,Inherited from genus level
Onychopoda,Podonidae,Pseudevadne tergestina,106278,omnivore,Inherited from family level
Phlebobranchia,Ascidiidae,Ascidia,103483,filter-feeder,NA
Phragmophora,Eukrohniidae,Eukrohnia hamata,105416,carnivore,"(Richardson et al., 2006) (Pata & Hunt, 2025)"
Phyllodocida,Lopadorrhynchidae,Maupasia,129327,carnivore,Inherited from order level
Phyllodocida,Iospilidae,Iospilidae,155189,carnivore,Inherited from order level
Phyllodocida,Lopadorrhynchidae,Lopadorrhynchidae,933,carnivore,Inherited from order level
Phyllodocida,Phyllodocidae,Alciopini,932,carnivore,"(Pata & Hunt, 2025)"
Phyllodocida,Iospilidae,Phalacrophorus,206129,carnivore,NA
Phyllodocida,Tomopteridae,Tomopteris,129715,carnivore,"(Pata & Hunt, 2025)"
Phyllodocida,Typhloscolecidae,Travisiopsis,129721,carnivore,"(Pata & Hunt, 2025)"
Phyllodocida,Lopadorrhynchidae,Pelagobia longicirrata,130219,omnivore,"(Pata & Hunt, 2025)"
Phyllodocida,Iospilidae,Phalacrophorus pictus,209714,carnivore,"(Pata & Hunt, 2025)"
Phyllodocida,Tomopteridae,Tomopteris carpenteri,332607,carnivore,Inherited from order level
Phyllodocida,Typhloscolecidae,Travisiopsis levinseni,131580,carnivore,"(Pata & Hunt, 2025)"
Phyllodocida,Typhloscolecidae,Typhloscolex muelleri,131582,carnivore,"(Pata & Hunt, 2025)"
Phyllodocida,Phyllodocidae,Vanadis antarctica,335010,carnivore,Inherited from order level
Pteropoda,Cliidae,Clio pyramidata,139033,carnivore,Inherited from genus level; WoRMS: inherited from Euthecosomata
Pteropoda,Clionidae,Clione antarctica,714164,carnivore,"Predatory behavior (Yamazaki & Kuwahara, 2017; 10.1093/mollus/eyw032)"
Pteropoda,Clionidae,Clione limacina,139178,carnivore,"(Pata & Hunt, 2025) and Predatory behavior (Yamazaki & Kuwahara, 2017; 10.1093/mollus/eyw032)"
Pteropoda,Limacinidae,Limacina retroversa,140227,omnivore,"(Pasternak et al., 2017) (Pata & Hunt, 2025)"
Pteropoda,Cavoliniidae,Cavolinia,137750,omnivore,"Mucous web feeder (Gilmer & Harbison, 1986; 10.1007/bf00397570)"
Pteropoda,Cliidae,Clio,137751,carnivore,"(Pata & Hunt, 2025)"
Pteropoda,Clionidae,Clione,137793,carnivore,"Predatory behavior (Yamazaki & Kuwahara, 2017; 10.1093/mollus/eyw032)"
Pteropoda,Creseidae,Creseis,137752,omnivore,"(Pata & Hunt, 2025)"
Pteropoda,Cavoliniidae,Diacria,137755,omnivore,"Mucous web feeder (Gilmer & Harbison, 1986; 10.1007/bf00397570)"
Pteropoda,Limacinidae,Limacina,138122,omnivore,"(Pasternak et al., 2017; 10.1134/S000143701701012X)"
Pteropoda,NA,Euthecosomata,23020,omnivore,"(Koppelmann et al., 2013; 10.1017/S0025315413000052)"
Pteropoda,Cavoliniidae,Cavoliniidae,23000,omnivore,"Mucous web feeder (Gilmer & Harbison, 1986; 10.1007/bf00397570)"
Pteropoda,Peraclidae,Peracle,138327,omnivore,"Mucous web feeder (Gilmer & Harbison, 1986; 10.1007/bf00397570)"
Pteropoda,Clionidae,Clionidae,166,carnivore,Inherited from suborder level (WoRMS)
Pteropoda,Clionidae,Thliptodon ,137797,carnivore,WoRMS; Inherited from suborder level
Pteropoda,Notobranchaeidae,Notobranchaea ,138257,carnivore,WoRMS; Inherited from suborder level
Pteropoda,Pneumodermatidae,Pneumoderma ,138365,carnivore,WoRMS; Inherited from suborder level
Pteropoda,Pneumodermatidae,Pneumodermopsis ,138366,carnivore,WoRMS; Inherited from suborder level
Pteropoda,Clionidae,Paedoclione doliiformis,160435,carnivore,WoRMS; Inherited from suborder level
Pteropoda,Pneumodermatidae,Pneumodermopsis canephora,140824,carnivore,WoRMS; Inherited from suborder level
Pteropoda,Pneumodermatidae,Pneumodermopsis ciliata,140825,carnivore,WoRMS; Inherited from suborder level
Pteropoda,Pneumodermatidae,Pneumodermopsis paucidens,140826,carnivore,WoRMS; Inherited from suborder level
Pteropoda,Pneumodermatidae,Spongiobranchaea australis,533451,carnivore,"(Pata & Hunt, 2025)"
Pyrosomatida,Pyrosomatidae,Pyrosomatidae,137216,filter-feeder,NA
Pyrosomatida,Pyrosomatidae,Pyrosoma,137224,filter-feeder,NA
Salpida,Salpidae,Salpidae,137217,filter-feeder,NA
Salpida,Salpidae,Salpa,137233,filter-feeder,NA
Salpida,Salpidae,Thalia,137236,filter-feeder,NA
Salpida,Salpidae,Salpa fusiformis,137272,filter-feeder,NA
Salpida,Salpidae,Salpa thompsoni,266545,filter-feeder,NA
Salpida,Salpidae,Soestia zonaria,137275,filter-feeder,NA
Salpida,Salpidae,Thalia democratica,137279,filter-feeder,NA
Scalpellomorpha,Lepadidae,Lepas,106087,omnivore,"Opportunistic feeder at the sea surface (Goldstein & Goodwin, 2013)"
Siphonophorae,Diphyidae,Eudoxoides spiralis,135424,carnivore,"(Richardson et al., 2006)"
Siphonophorae,Diphyidae,Chelophyes,135360,carnivore,"(Richardson et al., 2006)"
Siphonophorae,Diphyidae,Eudoxoides,135364,carnivore,"(Richardson et al., 2006)"
Siphonophorae,Diphyidae,Lensia,135365,carnivore,"(Richardson et al., 2006)"
Siphonophorae,NA,Siphonophorae,1371,carnivore,"(Richardson et al., 2006)"
Siphonophorae,NA,Calycophorae,135333,carnivore,"(Richardson et al., 2006)"
Siphonophorae,Diphyidae,Diphyidae,135338,carnivore,"(Richardson et al., 2006)"
Siphonophorae,Abylidae,Abylidae,135336,carnivore,"(Richardson et al., 2006)"
Siphonophorae,NA,Physonectae,135335,carnivore,"(Richardson et al., 2006)"
Stomatopoda,NA,Stomatopoda,14355,carnivore,"Predatory marine crustacean (Dingle & Caldwell, 1978)"
Stomatopoda,Squillidae,Squillidae,136093,carnivore,"Predatory marine crustacean (Dingle & Caldwell, 1978)"
Stomatopoda,Squillidae ,Squilla sp.,136113,carnivore,"Predatory marine crustacean (Dingle & Caldwell, 1978)"
Teuthida,NA,Teuthida,11716,carnivore,"Predator with versatile diet (Coll et al., 2013)"
Trachymedusae,Rhopalonematidae,Aglaura hemistoma,117851,carnivore,"(Pata & Hunt, 2025)"
